proportion_influenced,ci_lower,ci_upper
0.11008078007743416,0.10583940896857677,0.11432215118629155
0.13082548635342478,0.12625592090625626,0.1353950518005933
