proportion_influenced,ci_lower,ci_upper
0.11211573236889692,0.10877597086886541,0.11545549386892844
0.12421979816834859,0.12072841940718756,0.12771117692950962
