proportion_influenced,ci_lower,ci_upper
0.11234701467306782,0.10874801847363624,0.1159460108724994
0.12147542092095476,0.11775235972079591,0.12519848212111362
