proportion_influenced,ci_lower,ci_upper
0.11720957905696862,0.10951974131005605,0.12489941680388118
0.11453220288561654,0.10691918219886358,0.1221452235723695
