avg_over_all_years,se_over_all_years,avg_mag_over_all_years,se_mag_over_all_years
0.0019341797752722,0.0003827997316322,0.0141140972593463,0.0003212246768057
0.0021945738753628,0.0003875487439762,0.0144001576796172,0.0003244581917263
0.0019341797752722,0.0003827997316322,0.0141140972593463,0.0003212246768057
0.0021945738753628,0.0003875487439762,0.0144001576796172,0.0003244581917263
0.0023398996266379,0.000301138194193,0.0120717562519932,0.0002454940856406
0.0024320180699258,0.0002775848556722,0.0111962080477532,0.0002261636545711
0.0034696186107527,0.0003697917507684,0.0112321945614174,0.0002971290403108
0.0026489406989481,0.0003645361658116,0.01059354168309,0.000297006825109
